[
  {"id":1,"company":"Dodge","model":"Durango","year":2000,"color":"Khaki"},
  {"id":2,"company":"Buick","model":"Riviera","year":1987,"color":"Red"},
  {"id":3,"company":"Plymouth","model":"Sundance","year":1992,"color":"Crimson"},
  {"id":4,"company":"GMC","model":"Savana 1500","year":2010,"color":"Khaki"},
  {"id":5,"company":"Lincoln","model":"MKX","year":2008,"color":"Indigo"},
  {"id":6,"company":"Mercury","model":"Grand Marquis","year":1997,"color":"Yellow"},
  {"id":7,"company":"Pontiac","model":"Firebird","year":1996,"color":"Violet"},
  {"id":8,"company":"Chevrolet","model":"Venture","year":1998,"color":"Orange"},
  {"id":9,"company":"Cadillac","model":"Brougham","year":1992,"color":"Indigo"},
  {"id":10,"company":"Lamborghini","model":"Countach","year":1985,"color":"Orange"}
]